{
  "content": [
    {
      "path": "de-DE.locPak",
      "size": 700,
      "date": 132408467200358082
    },
    {
      "path": "en-US.locPak",
      "size": 596,
      "date": 132408467200348098
    },
    {
      "path": "es-ES.locPak",
      "size": 645,
      "date": 132408467200338095
    },
    {
      "path": "fr-FR.locPak",
      "size": 595,
      "date": 132408467200368089
    },
    {
      "path": "it-IT.locPak",
      "size": 588,
      "date": 132408467200368089
    },
    {
      "path": "Missions/Asobo/LandingChallenges/Generic/Generic.FLT",
      "size": 4803,
      "date": 132388498100000000
    },
    {
      "path": "Missions/Asobo/LandingChallenges/Generic/Generic.loc",
      "size": 6429,
      "date": 132314412290000000
    },
    {
      "path": "Missions/Asobo/LandingChallenges/Generic/images/Activity_Widget.jpg",
      "size": 98177,
      "date": 132277054130000000
    },
    {
      "path": "Missions/Asobo/LandingChallenges/Generic/images/Generic_Briefing.jpg",
      "size": 3670278,
      "date": 132360993790000000
    },
    {
      "path": "Missions/Asobo/LandingChallenges/Generic/images/Generic_Loading.jpg",
      "size": 3036773,
      "date": 132318710340000000
    },
    {
      "path": "Missions/Asobo/LandingChallenges/Generic/Overview.htm",
      "size": 1104,
      "date": 131974873440000000
    },
    {
      "path": "Missions/Asobo/LandingChallenges/Generic/Weather.WPR",
      "size": 2173,
      "date": 132291949030000000
    },
    {
      "path": "pl-PL.locPak",
      "size": 565,
      "date": 132408467200348098
    },
    {
      "path": "pt-BR.locPak",
      "size": 654,
      "date": 132408467200338095
    },
    {
      "path": "ru-RU.locPak",
      "size": 851,
      "date": 132408467200358082
    }
  ]
}